<?xml version="1.0" encoding="UTF-8"?>
<configuration scan="true" scanPeriod="10 seconds">
 
    <appender name="Console"
        class="ch.qos.logback.core.ConsoleAppender">
        <layout class="ch.qos.logback.classic.PatternLayout">
            <Pattern>%d [%-15.15t] %-5p %-30.30c{1}.%M:%line - %m%n</Pattern>
<!--             <Pattern>%d{yyyy-MM-dd HH:mm:ss.SSS} [%thread] %-5level %logger{36}.%M \\(%line\\) - %msg%n</Pattern>
 -->            
        </layout>
    </appender>
    
     
    <!-- LOG everything at INFO level -->
    <root level="info">
        <appender-ref ref="Console" />
    </root>
 
    <logger name="com.test.javaprogram" level="INFO" additivity="false">
        <appender-ref ref="Console" />
    </logger>
 
</configuration>